title,company,location,date,description
Business Analyst,Apollo Hospitals,"Chennai, Tamil Nadu, India",1 week ago,Actively Hiring
IT Service Desk (Desktop Support),Wipro,"Hyderabad, Telangana, India",2 weeks ago,Actively Hiring
Information Technology Manager,Accor,Mumbai Metropolitan Region,4 weeks ago,Actively Hiring
Technical Support Engineer,LTIMindtree,"Hyderabad, Telangana, India",2 weeks ago,Actively Hiring
HRMS Analyst,airtel,"Gurugram, Haryana, India",3 weeks ago,Actively Hiring
Technical Support Associate,Tech Mahindra,"Hyderabad, Telangana, India",2 weeks ago,Actively Hiring
IT Helpdesk Analyst,Sprinklr,"Bengaluru, Karnataka, India",2 months ago,Actively Hiring
Customer Success Executive,Microsoft,"Bengaluru, Karnataka, India",3 weeks ago,Actively Hiring
IT Helpdesk Analyst (US Shift),Sprinklr,"Gurgaon, Haryana, India",2 months ago,Actively Hiring
Information Technology Audit Consultant,Nykaa,"Gurugram, Haryana, India",5 days ago,Actively Hiring
Technology Support Specialist,Infosys BPM,"Bengaluru, Karnataka, India",1 month ago,Actively Hiring
Product Specialist,Freshworks,"Bengaluru, Karnataka, India",2 months ago,Actively Hiring
Desktop Support Engineer,hackajob,"Mumbai, Maharashtra, India",3 weeks ago,Actively Hiring
Customer Support Specialist,Tech Mahindra,"Bengaluru, Karnataka, India",2 days ago,Actively Hiring
Admin Manager,Adani Group,Greater Kolkata Area,1 month ago,Actively Hiring
Manager- IT Service Delivery Lead,SUN PHARMA,"Mumbai, Maharashtra, India",1 week ago,Actively Hiring
IT Consulting,Infosys,"Bengaluru East, Karnataka, India",2 months ago,Actively Hiring
L1 Support Engineer,Avestan Technologies LLC,"Kanpur, Uttar Pradesh, India",2 months ago,Actively Hiring
IT Consulting,Infosys,"Bengaluru East, Karnataka, India",1 month ago,Actively Hiring
IT Consulting,Infosys,"Bengaluru East, Karnataka, India",1 month ago,Actively Hiring
Executive - IT Infrastructure,Torrent Power,"Ahmedabad, Gujarat, India",1 week ago,Actively Hiring
IT Consulting,Infosys,"Bengaluru East, Karnataka, India",1 month ago,Actively Hiring
IT Consulting,Infosys,"Bengaluru East, Karnataka, India",1 month ago,Actively Hiring
IT Consulting,Infosys,"Bengaluru East, Karnataka, India",1 month ago,Actively Hiring
service managment,Tata Consultancy Services,"Kolkata, West Bengal, India",2 weeks ago,Actively Hiring
IT Consulting,Infosys,"Bengaluru East, Karnataka, India",2 months ago,Actively Hiring
IT Helpdesk Analyst,Sprinklr,"Gurgaon, Haryana, India",2 months ago,Actively Hiring
IT Consulting,Infosys,"Bengaluru East, Karnataka, India",2 months ago,Actively Hiring
IT Consulting,Infosys,"Bengaluru East, Karnataka, India",1 month ago,Actively Hiring
IT Consulting,Infosys,"Bengaluru East, Karnataka, India",2 months ago,Actively Hiring
Jr. Analyst - Global Data Mgmt,Colgate-Palmolive,Mumbai Metropolitan Region,2 months ago,Actively Hiring
Manager MIS & Accounts,Godrej Properties Limited,"Mumbai, Maharashtra, India",1 week ago,Actively Hiring
IT helpdesk,Virtusa,"Gurgaon, Haryana, India",1 week ago,Actively Hiring
IT Consulting,Infosys,"Bengaluru East, Karnataka, India",1 month ago,Actively Hiring
IT Consulting,Infosys,"Bengaluru East, Karnataka, India",1 month ago,Actively Hiring
IT Consulting,Infosys,"Bengaluru East, Karnataka, India",1 month ago,Actively Hiring
Data Center Technician,Microsoft,"Hyderabad, Telangana, India",3 weeks ago,Actively Hiring
IT & Technology Procurement Manager,Jio,"Mumbai, Maharashtra, India",3 weeks ago,Actively Hiring
Technical Lead,Tech Mahindra,"Bangalore Urban, Karnataka, India",2 weeks ago,Actively Hiring
Technical Support Engineering,Microsoft,"Bengaluru, Karnataka, India",5 days ago,Actively Hiring
IT Consulting,Infosys,"Bengaluru East, Karnataka, India",1 month ago,Actively Hiring
Service Desk,Tata Consultancy Services,"Noida, Uttar Pradesh, India",3 weeks ago,Actively Hiring
IT Consulting,Infosys,"Bengaluru East, Karnataka, India",1 week ago,Actively Hiring
Digital Product Owner,Volvo Group,"Bengaluru, Karnataka, India",3 weeks ago,Actively Hiring
"Senior Executive - Information Systems, Corporate",Viacom18 Media Private Limited,"Mumbai, Maharashtra, India",2 weeks ago,Actively Hiring
IT Consulting,Infosys,"Bengaluru East, Karnataka, India",2 months ago,Actively Hiring
IT Consulting,Infosys,"Bengaluru East, Karnataka, India",2 weeks ago,Actively Hiring
Head- IT Network,Ujjivan Small Finance Bank,"Bengaluru, Karnataka, India",2 weeks ago,Actively Hiring
Technical Support Engineering,Microsoft,"Bengaluru, Karnataka, India",5 days ago,Actively Hiring
IT Manager,Accor,Mumbai Metropolitan Region,1 week ago,Actively Hiring
IT Consulting,Infosys,"Bengaluru East, Karnataka, India",1 month ago,Actively Hiring
IT Consulting,Infosys,"Bengaluru East, Karnataka, India",1 week ago,Actively Hiring
Network Admin,Infosys,"Bengaluru East, Karnataka, India",1 month ago,Actively Hiring
Desktop Support Engineer,ThoughtSol Infotech Pvt. Ltd,"Gurugram, Haryana, India",3 weeks ago,Actively Hiring
Technology Analyst - IT Services,Infosys BPM,"Bengaluru, Karnataka, India",1 month ago,Actively Hiring
IT Consulting,Infosys,"Bengaluru East, Karnataka, India",1 month ago,Actively Hiring
service managment,Tata Consultancy Services,"Kolkata, West Bengal, India",2 weeks ago,Actively Hiring
IT Consulting,Infosys,"Bengaluru East, Karnataka, India",2 months ago,Actively Hiring
IT Helpdesk Analyst,Sprinklr,"Gurgaon, Haryana, India",2 months ago,Actively Hiring
IT Consulting,Infosys,"Bengaluru East, Karnataka, India",2 months ago,Actively Hiring
IT Consulting,Infosys,"Bengaluru East, Karnataka, India",1 month ago,Actively Hiring
IT Consulting,Infosys,"Bengaluru East, Karnataka, India",2 months ago,Actively Hiring
Jr. Analyst - Global Data Mgmt,Colgate-Palmolive,Mumbai Metropolitan Region,2 months ago,Actively Hiring
Manager MIS & Accounts,Godrej Properties Limited,"Mumbai, Maharashtra, India",1 week ago,Actively Hiring
IT Consulting,Infosys,"Bengaluru East, Karnataka, India",2 weeks ago,Actively Hiring
Head- IT Network,Ujjivan Small Finance Bank,"Bengaluru, Karnataka, India",2 weeks ago,Actively Hiring
Technical Support Engineering,Microsoft,"Bengaluru, Karnataka, India",5 days ago,Actively Hiring
IT Manager,Accor,Mumbai Metropolitan Region,1 week ago,Actively Hiring
IT Consulting,Infosys,"Bengaluru East, Karnataka, India",1 month ago,Actively Hiring
IT Consulting,Infosys,"Bengaluru East, Karnataka, India",1 week ago,Actively Hiring
Network Admin,Infosys,"Bengaluru East, Karnataka, India",1 month ago,Actively Hiring
Desktop Support Engineer,ThoughtSol Infotech Pvt. Ltd,"Gurugram, Haryana, India",3 weeks ago,Actively Hiring
Technology Analyst - IT Services,Infosys BPM,"Bengaluru, Karnataka, India",1 month ago,Actively Hiring
Information Technology Manager,Accor,"Khopoli, Maharashtra, India",5 days ago,Actively Hiring
IT Consulting,Infosys,"Bengaluru East, Karnataka, India",1 month ago,Actively Hiring
IT Analyst,IntegriChain,"Pune, Maharashtra, India",3 weeks ago,Actively Hiring
Manager - IT Procurement,Razorpay,"Bengaluru, Karnataka, India",1 week ago,Actively Hiring
HEAD - INFORMATION TECHNOLOGY,YO HR Consultancy,Greater Kolkata Area,1 year ago,Actively Hiring
Chief Information Officer,Nyati Group,"Pune, Maharashtra, India",3 days ago,Actively Hiring
IT Support,Confluent,"Bengaluru, Karnataka, India",2 weeks ago,Actively Hiring
IT Consulting,Infosys,"Bengaluru East, Karnataka, India",1 month ago,Actively Hiring
IT Consulting,Infosys,"Bengaluru East, Karnataka, India",1 month ago,Actively Hiring
Technical Support Engineering,Microsoft,"Bengaluru, Karnataka, India",5 days ago,Actively Hiring
Desktop Support Engineer,Aryan Imaging and Business Consultants Pvt. Ltd.,"Pune, Maharashtra, India",2 months ago,Actively Hiring
Technical Support Engineering,Microsoft,"Bengaluru, Karnataka, India",5 days ago,Actively Hiring
IT Support Executive,Thyrocare Technologies Ltd.,"Navi Mumbai, Maharashtra, India",6 days ago,Actively Hiring
Head - IT - 11032,GMR Group,"Hyderabad, Telangana, India",1 month ago,Actively Hiring
Technical Support Engineering,Microsoft,"Maharashtra, India",3 weeks ago,Actively Hiring
IT Consulting,Infosys,"Bengaluru East, Karnataka, India",2 months ago,Actively Hiring
"Senior Manager, IT Operations",Parexel,India,4 weeks ago,Actively Hiring
Datacenter Manager,Atos,"Pune, Maharashtra, India",3 weeks ago,Actively Hiring
Technical Support Engineering,Microsoft,"Bengaluru, Karnataka, India",3 weeks ago,Actively Hiring
Desktop Support Specialist,Teleperformance,"Gurugram, Haryana, India",3 weeks ago,Actively Hiring
Support Specialist - IT Admin,NielsenIQ,"Chennai, Tamil Nadu, India",4 weeks ago,Actively Hiring
Manager Information Technology,Sinch,"Noida, Uttar Pradesh, India",2 months ago,Actively Hiring
Service Desk Management - Lead,Tata Consultancy Services,"Bengaluru, Karnataka, India",2 weeks ago,Actively Hiring
Information Technology Help Desk Analyst,Exela Technologies,"Bangalore Urban, Karnataka, India",2 weeks ago,Actively Hiring
Technical Support Engineering,Microsoft,"Goa, India",3 weeks ago,Actively Hiring
Desktop Support Engineer,Feasible Technologies Pvt Ltd,"Bengaluru, Karnataka, India",3 months ago,Actively Hiring
Technology Support Specialist,Infosys BPM,"Pune, Maharashtra, India",1 month ago,Actively Hiring
Senior Manager IT & Infra Workspace,AB InBev,"Bengaluru, Karnataka, India",4 weeks ago,Actively Hiring
Head of Technology,Talentiser,"Mumbai, Maharashtra, India",1 week ago,Actively Hiring
Technical Support Advisory,Microsoft,"Bengaluru, Karnataka, India",3 weeks ago,Actively Hiring
Assistant Manager – IT,Macawber Beekay Pvt Ltd.,"Noida, Uttar Pradesh, India",2 weeks ago,Actively Hiring
Job opening with TOSHIBA !,Toshiba Software (India) Pvt. Ltd.,"Bagalur, Karnataka, India",5 months ago,Actively Hiring
Technical Support Engineer,LTIMindtree,"Hyderabad, Telangana, India",2 weeks ago,Actively Hiring
Technical Support Engineer,XenonStack,"Sahibzada Ajit Singh Nagar, Punjab, India",2 months ago,Actively Hiring
Technical Support Engineering,Microsoft,"Maharashtra, India",3 weeks ago,Actively Hiring
Desktop Support Engineer,Birlasoft,"Ratnagiri, Maharashtra, India",2 weeks ago,Actively Hiring
Technical Support Engineering,Microsoft,"Delhi, India",3 weeks ago,Actively Hiring
IT Support,Medpace,"Navi Mumbai, Maharashtra, India",2 months ago,Actively Hiring
Project Coordinator,Egon Zehnder,"Gurugram, Haryana, India",1 week ago,Actively Hiring
Associate Director IT,NetSysCon Consulting,"Ahmedabad, Gujarat, India",9 months ago,Actively Hiring
IT Project Management,Infosys,"Bengaluru East, Karnataka, India",1 month ago,Actively Hiring
Network Engineer-L2/L3 Information Technology (IT),Zigsaw,"Udaipur, Rajasthan, India",1 year ago,Actively Hiring
Technical Support Engineering,Microsoft,"Delhi, India",3 weeks ago,Actively Hiring
DCO Trainee,Amazon Web Services (AWS),Mumbai Metropolitan Region,1 month ago,Actively Hiring
DCO Trainee,Amazon Web Services (AWS),Mumbai Metropolitan Region,1 month ago,Actively Hiring
Technical Support Associate,ZS,"Gurgaon, Haryana, India",4 weeks ago,Actively Hiring
Technical Support Engineering,Microsoft,"Telangana, India",3 weeks ago,Actively Hiring
Technical Analyst-Tester,Crum & Forster,"Bangalore Urban, Karnataka, India",1 month ago,Actively Hiring
Director - Technology,Sikich India,"Bengaluru, Karnataka, India",2 days ago,Actively Hiring
Technical Support Engineering,Microsoft,"Goa, India",3 weeks ago,Actively Hiring
DCO Trainee,Amazon Web Services (AWS),Mumbai Metropolitan Region,1 month ago,Actively Hiring
Assistant Manager IT,Accor,"Coimbatore, Tamil Nadu, India",1 week ago,Actively Hiring
Technology Support I,JPMorgan Chase & Co.,"Bengaluru, Karnataka, India",1 week ago,Actively Hiring
Help Desk Support I,System Soft Technologies,"Hyderabad, Telangana, India",2 months ago,Actively Hiring
Service Desk Agent,Tata Consultancy Services,"Hyderabad, Telangana, India",4 weeks ago,Actively Hiring
Head of Technology,Confidential,"New Delhi, Delhi, India",1 week ago,Actively Hiring
Associate Manager - Business Continuity Management,Infosys,"Bengaluru, Karnataka, India",2 weeks ago,Actively Hiring
Information Technology Manager-Novotel New Delhi City Centre,Accor,"Delhi Cantonment, Delhi, India",3 weeks ago,Actively Hiring
Technical Support Engineering,Microsoft,"Madhya Pradesh, India",3 weeks ago,Actively Hiring
Technical Support Engineering,Microsoft,"Delhi, India",3 weeks ago,Actively Hiring
Technical Support Engineering,Microsoft,"Odisha, India",3 weeks ago,Actively Hiring
Information Technology Specialist,Tech Mahindra,"Noida, Uttar Pradesh, India",6 days ago,Actively Hiring
Technical Support Engineering,Microsoft,"Haryana, India",3 weeks ago,Actively Hiring
Business Analyst,izmo ltd,"Bangalore Urban, Karnataka, India",21 hours ago,Actively Hiring
Technical Support Engineering,Microsoft,"Daman and Diu, India",3 weeks ago,Actively Hiring
Technical Support Engineering,Microsoft,"Uttar Pradesh, India",3 weeks ago,Actively Hiring
Database Administrator,Myntra,"Bengaluru, Karnataka, India",1 week ago,Actively Hiring
Technical Support Engineering,Microsoft,"Karnataka, India",3 weeks ago,Actively Hiring
IT Service Manager,Quess Corp Limited,"Bengaluru, Karnataka, India",1 day ago,Actively Hiring
Technical Support Engineering,Microsoft,"Ladakh, India",3 weeks ago,Actively Hiring
Technical Support Engineering,Microsoft,"Haryana, India",3 weeks ago,Actively Hiring
IT Project Management,Infosys,"Bengaluru East, Karnataka, India",2 months ago,Actively Hiring
IT End User Support Specialist L1,Sangoma,"Bengaluru East, Karnataka, India",1 month ago,Actively Hiring
Technical Support Engineering,Microsoft,"Bihar, India",3 weeks ago,Actively Hiring
Technical Support Engineering,Microsoft,"Andhra Pradesh, India",3 weeks ago,Actively Hiring
Information Technology Service Management Manager,Teleperformance,"Bangalore Urban, Karnataka, India",1 week ago,Actively Hiring
IT Delivery,Infosys,"Bengaluru East, Karnataka, India",1 month ago,Actively Hiring
Technical Support Engineering,Microsoft,"Bengaluru, Karnataka, India",4 days ago,Actively Hiring
Technical Support Engineer,BETSOL,"Bengaluru, Karnataka, India",1 week ago,Actively Hiring
Head of IT Supply Infrastructure,Ammeraal Beltech,"Ghaziabad, Uttar Pradesh, India",2 weeks ago,Actively Hiring
Manager / Sr. Manager - IT Infrastructure,Rubamin Pvt. Limited,"Halol, Gujarat, India",1 day ago,Actively Hiring
Technical Support Engineering,Microsoft,"Telangana, India",3 weeks ago,Actively Hiring
"IT Support Mgr II, IT Support",Amazon,"Gurugram, Haryana, India",3 weeks ago,Actively Hiring
Technical Support Engineering,Microsoft,"Himachal Pradesh, India",3 weeks ago,Actively Hiring
Technical Support Engineering,Microsoft,"Goa, India",3 weeks ago,Actively Hiring
Senior Manager - Business Systems Services,Freshworks,"Bengaluru, Karnataka, India",22 hours ago,Actively Hiring
Desktop Support Engineer,3i Infotech Ltd.,"Jodhpur, Rajasthan, India",2 weeks ago,Actively Hiring
Desktop Engineer,Mid-Day,Mumbai Metropolitan Region,1 month ago,Actively Hiring
IT Support/ Admin,Intuitive Apps Inc.,"Navi Mumbai, Maharashtra, India",11 months ago,Actively Hiring
IT Technical Analyst Principal,Cummins India,"Pune, Maharashtra, India",1 week ago,Actively Hiring
Technical Support Engineering,Microsoft,"Bengaluru, Karnataka, India",3 weeks ago,Actively Hiring
Network Admin - Lower Parel (Urgent opening),ZODIAC HR CONSULTANTS INDIA PVT. LTD.,"Mumbai, Maharashtra, India",5 months ago,Actively Hiring
Technical Support Engineering,Microsoft,"Odisha, India",3 weeks ago,Actively Hiring
IT Operations - Officer,Cleantech Industry Resources,"Ahmedabad, Gujarat, India",2 weeks ago,Actively Hiring
Associate Analyst I - Global Data Mgmt.,Colgate-Palmolive,Mumbai Metropolitan Region,1 month ago,Actively Hiring
Information Technology Services Manager,Tata Consultancy Services,"Hyderabad, Telangana, India",3 weeks ago,Actively Hiring
Head - IT,Saaki Argus and Averil Consulting,"Chennai, Tamil Nadu, India",5 months ago,Actively Hiring
Windows Server Administrator,LTIMindtree,"Hyderabad, Telangana, India",2 weeks ago,Actively Hiring
Chief Information Officer,Saaki Argus and Averil Consulting,"Coimbatore, Tamil Nadu, India",6 months ago,Actively Hiring
Technical Support Engineering,Microsoft,"Nagaland, India",3 weeks ago,Actively Hiring
Technical Support Engineering,Microsoft,"Lakshadweep, India",3 weeks ago,Actively Hiring
Technical Support Engineer,BETSOL,"Bengaluru, Karnataka, India",1 week ago,Actively Hiring
Technical Support Engineer,BETSOL,"Bengaluru, Karnataka, India",1 week ago,Actively Hiring
Technical Support Engineering,Microsoft,"Telangana, India",3 weeks ago,Actively Hiring
IT Delivery,Infosys,"Bengaluru East, Karnataka, India",1 month ago,Actively Hiring
Head- Enterprise Application,Shalina Healthcare,"Mumbai, Maharashtra, India",1 week ago,Actively Hiring
Technical Support Engineering,Microsoft,"Sikkim, India",3 weeks ago,Actively Hiring
Technical Support Engineering,Microsoft,"Daman and Diu, India",3 weeks ago,Actively Hiring
IT Delivery,Infosys,"Bengaluru East, Karnataka, India",2 months ago,Actively Hiring
SDM - Remote Support Services,Lenovo,Mumbai Metropolitan Region,2 weeks ago,Actively Hiring
Technical Support Engineering,Microsoft,"West Bengal, India",3 weeks ago,Actively Hiring
IT support specialist,ZenAdmin,India,1 month ago,Actively Hiring
Director Info Technology,Hewlett Packard Enterprise,"Bengaluru, Karnataka, India",1 week ago,Actively Hiring
Asst. Manager - IT Compliance,Sapphire Foods India Limited,"Mumbai, Maharashtra, India",4 weeks ago,Actively Hiring
IT Delivery,Infosys,"Bengaluru East, Karnataka, India",1 month ago,Actively Hiring
Technical Support Engineering,Microsoft,"Ladakh, India",3 weeks ago,Actively Hiring
Technical Support Engineering,Microsoft,"Rajasthan, India",3 weeks ago,Actively Hiring
Technical Support Engineering,Microsoft,"Lakshadweep, India",3 weeks ago,Actively Hiring
Head of IT Infrastructure,Zoom,"Bengaluru, Karnataka, India",1 month ago,Actively Hiring
Technical Support Engineering,Microsoft,"Jharkhand, India",3 weeks ago,Actively Hiring
Information Technology Operations Manager,Randstad,"Mumbai, Maharashtra, India",1 week ago,Actively Hiring
Career Opportunity for Cyber-Cloud Security Engineer-Thane (Mumbai),Deloitte,Mumbai Metropolitan Region,1 month ago,Actively Hiring
Manager Information Technology Infrastructure Support,Epsilon India,"Bengaluru, Karnataka, India",1 month ago,Actively Hiring
Technical Support Engineering,Microsoft,"Meghalaya, India",3 weeks ago,Actively Hiring
Information Technology Support Engineer,Mizuho,"Navi Mumbai, Maharashtra, India",2 weeks ago,Actively Hiring
Technical Support Engineering,Microsoft,"Andhra Pradesh, India",3 weeks ago,Actively Hiring
Sr IT Manager,Simform,"Ahmedabad, Gujarat, India",1 week ago,Actively Hiring
IT Business Analyst,FlairDeck,"Gurgaon, Haryana, India",2 months ago,Actively Hiring
IT Specialist (India),ProVal Technologies,"Noida, Uttar Pradesh, India",2 months ago,Actively Hiring
Technician,GVR TECHNOLABS PRIVATE LIMITED,"Kochi, Kerala, India",2 months ago,Actively Hiring
Technical Support Engineering,Microsoft,"Punjab, India",3 weeks ago,Actively Hiring
IT Operations - Senior Officer,Cleantech Industry Resources,"Ahmedabad, Gujarat, India",2 weeks ago,Actively Hiring
Desktop Support Engineer,Orbit Techsol,"Delhi Cantonment, Delhi, India",3 weeks ago,Actively Hiring
Director-Technology,Virtusa,"Bangalore Urban, Karnataka, India",1 month ago,Actively Hiring
IT Administrator,NetSysCon Consulting,Mumbai Metropolitan Region,8 months ago,Actively Hiring
VP Technology,TMI Network,"Gandhinagar, Gujarat, India",1 day ago,Actively Hiring
Technical Support Engineering,Microsoft,"West Bengal, India",3 weeks ago,Actively Hiring
Technical Support Engineering,Microsoft,"Uttarakhand, India",3 weeks ago,Actively Hiring
Information Technology Support Engineer,Addnectar Solutions,Mumbai Metropolitan Region,2 months ago,Actively Hiring
IT Delivery,Infosys,"Pune, Maharashtra, India",1 month ago,Actively Hiring
Service Desk Management for Fresher - Gurgaon,2COMS Consulting Pvt. Ltd.,"Gurgaon, Haryana, India",5 months ago,Actively Hiring
Lead – IT Application,Aditya Birla Group,"Halol, Gujarat, India",1 week ago,Actively Hiring
Technical Support Engineering,Microsoft,"Meghalaya, India",3 weeks ago,Actively Hiring
Information Technology (IT) Service Desk Analyst - Level 1,Meltwater,"Bengaluru, Karnataka, India",1 month ago,Actively Hiring
Technical Support Engineer,Postman,"Bengaluru, Karnataka, India",1 month ago,Actively Hiring
IT Delivery,Infosys,"Bengaluru East, Karnataka, India",1 month ago,Actively Hiring
Lead - IT Operations,System Soft Technologies,"Hyderabad, Telangana, India",2 months ago,Actively Hiring
Technical Support Engineering,Microsoft,"Andhra Pradesh, India",3 weeks ago,Actively Hiring
DesKtop support Engineer L1_ Aastha_ Coforge,CodersBrain,"Bagalur, Karnataka, India",11 months ago,Actively Hiring
Assistant Manager - IT,Adroit Synergies Pvt. Ltd.,"Noida, Uttar Pradesh, India",2 months ago,Actively Hiring
"Vice President, Corporate IT and Ops",Qualys,"Pune, Maharashtra, India",2 months ago,Actively Hiring
Technical Support Engineering,Microsoft,"West Bengal, India",3 weeks ago,Actively Hiring
IT Delivery,Infosys BPM,"Pune, Maharashtra, India",4 days ago,Actively Hiring
IT Helpdesk Analyst,Toast,"Chennai, Tamil Nadu, India",2 weeks ago,Actively Hiring
IT BDE,Logical soft tech,"Indore, Madhya Pradesh, India",11 months ago,Actively Hiring
Information Technology Support Coordinator,Manipal Health Enterprises Pvt. Ltd,"Bengaluru, Karnataka, India",5 days ago,Actively Hiring
Head - F&B and Services - 10819,GMR Group,"Hyderabad, Telangana, India",1 week ago,Actively Hiring
Technical Support Engineering,Microsoft,"Manipur, India",3 weeks ago,Actively Hiring
Technical Support Engineering,Microsoft,"Odisha, India",3 weeks ago,Actively Hiring
Technical Support Associate,Chargebee,"Chennai, Tamil Nadu, India",5 days ago,Actively Hiring
IT Delivery,Infosys,"Bengaluru East, Karnataka, India",2 months ago,Actively Hiring
IT Executive,Acme Services,"Bengaluru, Karnataka, India",1 month ago,Actively Hiring
IT Administrator,Conneqtion Group,"Bengaluru, Karnataka, India",2 months ago,Actively Hiring
System Administrator @ Mysuru Campus,Amrita Vishwa Vidyapeetham,"Mysuru, Karnataka, India",3 days ago,Actively Hiring
Director - IT Business Applications (CRM),Freshworks,"Chennai, Tamil Nadu, India",1 month ago,Actively Hiring
Technical Support Engineering,Microsoft,"Daman and Diu, India",3 weeks ago,Actively Hiring
Technical Support Engineering,Microsoft,"Punjab, India",3 weeks ago,Actively Hiring
Technical Support Engineering,Microsoft,"Manipur, India",3 weeks ago,Actively Hiring
Technical Support Engineering,Microsoft,"Tamil Nadu, India",3 weeks ago,Actively Hiring
Technical Support Engineering,Microsoft,"Chandigarh, Chandigarh, India",3 weeks ago,Actively Hiring
TCS Hiring for Network Admin - L2/L3_Hyderabad,Tata Consultancy Services,"Hyderabad, Telangana, India",1 week ago,Actively Hiring
Security Analyst,Tech Mahindra,"Mumbai, Maharashtra, India",21 hours ago,Actively Hiring
"Director, Technology & Data",CPP Investments | Investissements RPC,Mumbai Metropolitan Region,6 days ago,Actively Hiring
System Admin,SpanIdea Systems,"Bengaluru, Karnataka, India",9 months ago,Actively Hiring
Service NOW ITSM,Tech Mahindra,"Bengaluru, Karnataka, India",3 hours ago,Actively Hiring
Finance Systems Analyst & QA - Netsuite,Coursera,India,1 month ago,Actively Hiring
Technical Support Engineering,Microsoft,"Arunachal Pradesh, India",3 weeks ago,Actively Hiring
"IT Manager- IMV, INM & IT",Accor,Mumbai Metropolitan Region,6 days ago,Actively Hiring
IT Manager,JW Marriott,Mumbai Metropolitan Region,1 week ago,Actively Hiring
Technical Support Engineering,Microsoft,"Jammu & Kashmir, India",3 weeks ago,Actively Hiring
IT Operations and Application Support,Maruti Suzuki India Limited,"Manesar, Haryana, India",4 months ago,Actively Hiring
Information Technology Business Analyst,Namdev Finvest Private Limited,"Jaipur, Rajasthan, India",1 month ago,Actively Hiring
Technical Support Engineering,Microsoft,"Punjab, India",3 weeks ago,Actively Hiring
System Administrator,Intellicus Technologies,"Indore, Madhya Pradesh, India",2 weeks ago,Actively Hiring
Technical Support Engineering,Microsoft,"West Bengal, India",3 weeks ago,Actively Hiring
Technical Support Engineer,Movate,"Chennai, Tamil Nadu, India",4 weeks ago,Actively Hiring
Tech Support Engineer,Birdeye,"Gurugram, Haryana, India",2 weeks ago,Actively Hiring
L2 System Administrator,RapidBrains,India,6 days ago,Actively Hiring
Technical Support Engineer,SimpliHire™,"Ahmedabad, Gujarat, India",2 months ago,Actively Hiring
Information Security Engineer,Piramal Capital & Housing Finance Limited,"Kurla, Maharashtra, India",5 days ago,Actively Hiring
Manager IT,YO HR Consultancy,"Jamshedpur, Jharkhand, India",7 months ago,Actively Hiring
Director IT,XLNC Technologies,Mumbai Metropolitan Region,1 week ago,Actively Hiring
Power Platform - Asso.Consultant - mumbai,KPMG India,"Noida, Uttar Pradesh, India",2 months ago,Actively Hiring
Technical Customer Support Executive,Feasible Technologies Pvt Ltd,"Bagalur, Karnataka, India",3 months ago,Actively Hiring
"IT, Manager",Synopsys Inc,"Hyderabad, Telangana, India",2 weeks ago,Actively Hiring
IT Business Analyst,FourthPointer Services Pvt Ltd,"Noida, Uttar Pradesh, India",6 months ago,Actively Hiring
IT Delivery,Infosys BPM,"Pune, Maharashtra, India",1 week ago,Actively Hiring
Technology Support Specialist,Infosys BPM,"Hyderabad, Telangana, India",1 month ago,Actively Hiring
Jr. Executive or Executive IT,Gulf Researcher,"Gurugram, Haryana, India",6 days ago,Actively Hiring
Technical Support Engineering,Microsoft,"Chhattisgarh, India",3 weeks ago,Actively Hiring
Technical Support Engineering,Microsoft,"Tripura, India",3 weeks ago,Actively Hiring
Technical Support Engineering,Microsoft,"Dadra & Nagar Haveli, Daman and Diu, India",3 weeks ago,Actively Hiring
Power BI Analyst,AlifCloud IT Consulting Pvt. Ltd.,India,6 days ago,Actively Hiring
Principal Architect- Application,Ujjivan Small Finance Bank,"Bengaluru, Karnataka, India",2 weeks ago,Actively Hiring
Network Specialist,Brillio,Greater Bengaluru Area,2 weeks ago,Actively Hiring
Information Technology Procurement,"NTT DATA, Inc.","Mumbai, Maharashtra, India",3 weeks ago,Actively Hiring
Desktop Support Engineer MUM,MN World Enterprise Private Limited,Mumbai Metropolitan Region,2 months ago,Actively Hiring
Senior Information Technology Service Management Consultant,Tata Consultancy Services,"Hyderabad, Telangana, India",3 weeks ago,Actively Hiring
Network Administrator,Tata Consultancy Services,"Hyderabad, Telangana, India",3 weeks ago,Actively Hiring
Business Analyst,IDFC FIRST Bank,Mumbai Metropolitan Region,2 months ago,Actively Hiring
IT Support Specialist II,Stefanini Group,Mumbai Metropolitan Region,2 weeks ago,Actively Hiring
Technical Support Engineering,Microsoft,"Sikkim, India",3 weeks ago,Actively Hiring
Technical Support Engineering,Microsoft,"Kerala, India",3 weeks ago,Actively Hiring
IT Delivery,Infosys BPM,"Ahmedabad, Gujarat, India",2 weeks ago,Actively Hiring
Security Analyst,Larsen & Toubro,"Sriperumbudur, Tamil Nadu, India",5 days ago,Actively Hiring
Technical Support Engineer - Security,Microsoft,"Hyderabad, Telangana, India",3 weeks ago,Actively Hiring
Technical Support Engineer,SecPod,"Bengaluru, Karnataka, India",1 month ago,Actively Hiring
IT Delivery,Infosys,"Bengaluru East, Karnataka, India",21 hours ago,Actively Hiring
Help Desk Support Specialist,HNR Tech,"Mumbai, Maharashtra, India",6 days ago,Actively Hiring
Technical Support Engineering,Microsoft,"Sikkim, India",3 weeks ago,Actively Hiring
Technical Support Engineering,Microsoft,"Tamil Nadu, India",3 weeks ago,Actively Hiring
TECHNICAL SUPPORT ENGINEER,Aabasoft,"Kochi, Kerala, India",6 hours ago,Actively Hiring
Technical Support Engineer,Simetrik,"Mumbai, Maharashtra, India",3 weeks ago,Actively Hiring
IT Infra,GreenTree Advisory Services Pvt Ltd,"Gurgaon, Haryana, India",3 months ago,Actively Hiring
IT Business Analyst,Zigsaw,India,8 months ago,Actively Hiring
System Admin-VMWARE/Wintel/O365-L2,Cortex Consultants LLC,Mumbai Metropolitan Region,4 weeks ago,Actively Hiring